Level	Item	Description	Revision	Type	Status	Engineering Item	Item Seq	Op Seq	Alternate	Engineering Bill	Comments	UOM	Basis	Quantity	Planning %	Yield	Extended Quantity	Effectivity Control	From	To	From Date	To Date	Implemented	ECO	Supply Type	Subinventory	Locator	Costed	Unit Cost	Extended Quantity	Extended Cost	Operation Seq	Manufacturing	Offset	Cumulative Manufacuturing	Cumulative Total	Optional	Mutually Exclusive	ATP	Min Qty	Max Qty	Sales Order Basis	Shippable	Include on Ship Docs	Required To Ship	Required For Revenue
1	50001595	+LEAF. MICROPC III BOARD ITA/ENG R.1.9 13/11/2018 F.TO A3 F/R	0	Purchased item	ACTIVE		10	1				Pz	Item	1	100	1	1	Date			2015/7/27 0:00		*		Operation Pull	1-CHI		*	2.5	1	2.5	1	10						*			None	*			
1	        18C635A061	ASSEMBLY LOWER SHELLIO 10 DIN MODULES RAL9016 COLOUR WITH SPRINGS GREY COLOR	0	Purchased item	ACTIVE		20	1				Pz	Item	1	100	1	1	Date			2015/7/27 0:00		*		Operation Pull	1-CHI		*	7.032612762	1	7.032612762	1	23						*			None	*			
1	        2118850AXX	ANTISTATIC BAG 190 X 400 MM	0	Purchased item	ACTIVE		30	1				Pz	Item	1	100	1	1	Date			2015/7/27 0:00		*		Operation Pull	1-CHI		*	0.752000916	1	0.752000916	1	18						*			None	*			
1	        21C562A102	CARDBOARD BOX 590X360X410 FOR CAREL SUZHOU	0	Purchased item	ACTIVE		40	1				Pz	Item	0.071428571	100	0.96	0.074404762	Date			2016/1/6 7:55		*		Operation Pull	1-CHI		*	8	0.074404762	0.595238095	1	25						*			None	*			
1	        21H007A007	UPC3 SINGLE PACKAGE BOX FOR SMALL MEDIUM	0	Purchased item	ACTIVE		50	1				Pz	Item	1	100	1	1	Date			2015/7/27 0:00		*		Operation Pull	1-CHI		*	2.7	1	2.7	1	25						*			None	*			
1	        21H007A009	INTERNAL SUPPORT VRP GR.4 AVANA FOR UPC3	0	Purchased item	ACTIVE		60	1				Pz	Item	3	100	1	3	Date			2015/7/27 0:00		*		Operation Pull	1-CHI		*	0.85	3	2.55	1	25						*			None	*			
1	        5024274AXX	SPACER  H=25MM  DIAM.5/7 MM HOLE=4MM	0	Purchased item	ACTIVE		70	1				Pz	Item	3	100	0.98	3.06122449	Date			2015/7/27 0:00		*		Operation Pull	1-CHI		*	0.65	3.06122449	1.989795918	1	30						*			None	*			
1	        5931483AXX	PIN STRIP BRIDGE	0	Purchased item	ACTIVEROHS		80	1				Pz	Item	2	100	0.992	2.016129032	Date			2015/7/27 0:00		*		Operation Pull	1-CHI		*	0.045	2.016129032	0.090725806	1	36						*			None	*			
1	        6235130AXX	PRODUCT IDENTIFICATION LABEL - UL REC. MATERIAL (BLANK)	0	Purchased item	ACTIVEROHS		90	1				Pz	Item	1	100	0.95	1.052631579	Date			2015/7/27 0:00		*		Operation Pull	1-CHI		*	0.09	1.052631579	0.094736842	1	36						*			None	*			
1	        6436519AXX	LITHIUM BATTERY BR2032	0	Purchased item	ACTIVE		100	1				Pz	Item	1	100	1	1	Date			2015/7/27 0:00		*		Operation Pull	1-CHI		*	4.231682243	1	4.231682243	1	216						*			None	*			
1	    -  98H007C070	SEMIFIN. UPC3 230VAC POWER BOARD. FAST-ON CONNECTOR OF POWER INPUT	0	Finished good	ACTIVE		130	1				Pz	Item	1	100	1	1	Date			2018/5/30 4:49		*		Operation Pull	1-CHI		*	42.68833	1	42.68833	1							*			None	*			
2	        -  0605565AB0	"3.15 AMP AC SLOW-ACTING FUSE 250VAC UL, PREF?06-TA  P=3.0MM"	0	Finished good	ACTIVE		10	1				Pz	Item	1	100	1	1	Date			2017/11/2 6:28		*		Operation Pull	1-CHI		*	0.59528	1	0.59528	1										None	*			
3	                0605565AXX	3.15 AMP AC SLOW-ACTING FUSE 250VAC UL	0	Purchased item	ACTIVE		10	1				Pz	Item	1	100	1	1	Date			2016/1/21 2:17		*		Operation Pull	1-CHI		*	0.5	1	0.5	1	72						*			None	*			
2	            0907991AXX	COMMON MODE CHOKE 20MH 0.5A	0	Purchased item	ACTIVE		20	1				Pz	Item	1	100	1	1	Date			2017/11/2 6:28		*		Operation Pull	1-CHI		*	1.24	1	1.24	1	60						*			None	*			
2	            0907997AXX	FILTER CMC 850UH 1.8A	0	Purchased item	ACTIVE		30	1				Pz	Item	1	100	1	1	Date			2017/11/2 6:28		*		Operation Pull	1-CHI		*	1.71	1	1.71	1	60						*			None	*			
2	        -  0910202AB0	VARISTORE 275VRMS S14K275 NASTRATO PREF: 09-TB P=3.0	0	Finished good	ACTIVE		40	1				Pz	Item	1	100	1	1	Date			2017/11/2 6:28		*		Operation Pull	1-CHI		*	0.53906	1	0.53906	1							*			None	*			
3	                0910202APC	VARISTOR 275VRMS S14K275 TAPED	0	Purchased item	ACTIVEROHS		10	1				Pz	Item	1	100	1	1	Date			2011/1/18 7:32		*		Operation Pull	1-CHI		*	0.4676	1	0.4676	1	154						*			None	*			
2	            09H007A006	TR. SW. EC28 WIDE RANGE INPUT 13VDC 22W OUTPUT	0	Purchased item	ACTIVE		50	1				Pz	Item	1	100	1	1	Date			2017/11/2 6:28		*		Operation Pull	1-CHI		*	4.9	1	4.9	1	60						*			None	*			
2	            2219892AXX	MORS.SCON.PAR.LAT.M.180G 2V P=3.81 H=9.2	0	Purchased item	ACTIVE		60	1				Pz	Item	1	100	1	1	Date			2017/11/2 6:28		*		Operation Pull	1-CHI		*	0.66	1	0.66	1	36						*			None	*			
2	            5125995AXX	I. C PWM CONTROLLER WITH 650V COOLMOS	0	Purchased item	ACTIVE		70	1				Pz	Item	1	100	1	1	Date			2017/11/2 6:28		*		Operation Pull	1-CHI		*	3.2	1	3.2	1	168						*			None	*			
2	        -  5626336AB0	"EL. CAP VERT. 105 47UF 400V 16X31.5, PREF?56-TA  P=3.0MM"	0	Finished good	ACTIVE		80	1				Pz	Item	1	100	1	1	Date			2017/11/2 6:28		*		Operation Pull	1-CHI		*	2.46528	1	2.46528	1										None	*			
3	                5626336AXX	EL. CAP VERT. 105 47UF 400V 16X31.5	0	Purchased item	ACTIVE		10	1				Pz	Item	1	100	1	1	Date			2016/1/21 2:18		*		Operation Pull	1-CHI		*	2.37	1	2.37	1	204						*			None	*			
2	        -  5626721AB0	EL. CAP. VERT. 105DEG. 470U 25V 10X20 STD P5 PREF. 56-TA P=3.5	0	Finished good	ACTIVE		90	1				Pz	Item	2	100	1	2	Date			2017/11/2 6:28		*		Operation Pull	1-CHI		*	0.21874	2	0.43748	1	0						*			None	*			
3	                5626721AXX	EL. CAP. VERT. 105DEG. 470U 25V 10X20  STD P5	0	Purchased item	ACTIVEROHS		10	1				Pz	Item	1	100	1	2	Date			2005/9/28 17:55		*		Operation Pull	1-CHI		*	0.21	2	0.42	1	45									None	*			
2	        -  5626732AB0	C.EL.V. 105 470U 16V 8X12 STD P.3.5 PREF: 56-TA P=3	0	Finished good	ACTIVE		100	1				Pz	Item	1	100	0.997	1.003009027	Date			2017/11/2 6:28		*		Operation Pull	1-CHI		*	0.30542	1.003009027	0.306339017	1							*			None	*			
3	                5626732AXX	EL. CAP. VERT. 105DEG 470U 16V 8X12 STD P3.5	0	Purchased item	ACTIVEROHS		10	1				Pz	Item	1	100	1	1.003009027	Date			2008/2/22 5:37		*		Operation Pull			*	0.1625	1.003009027	0.162988967	1	45						*			None	*			
2	        -  5626744AB0	"C.EL.V. 105 220U 10V 6,3X7  LI LL P2.5 PREF: 56-TA P=3.5"	0	Finished good	ACTIVE		110	1				Pz	Item	1	100	0.997	1.003009027	Date			2017/11/2 6:28		*		Operation Pull	1-CHI		*	0.33176	1.003009027	0.332758275	1							*			None	*			
3	                5626744AXX	"EL.CAP. VERT. 105 220U 10V 6,3X7  LI LL P2.5"	0	Purchased item	ACTIVEROHS		10	1				Pz	Item	1	100	1	1.003009027	Date			2007/9/25 5:28		*		Operation Pull			*	0.3	1.003009027	0.300902708	1	96						*			None	*			
2	        -  5627121AB0	COND.POLIEST.2N2 250V Y2  P.10 PREF.: 56-TA P=3	0	Finished good	ACTIVE		120	1				Pz	Item	4	100	1	4	Date			2017/11/2 6:28		*		Operation Pull	1-CHI		*	0.5325	4	2.13	1							*			None	*			
3	                5627121AXX	POLIEST. CAP. 2N2 250V Y2  P.10	0	Purchased item	ACTIVEROHS		10	1				Pz	Item	1	100	1	4	Date			2010/5/20 4:15		*		Operation Pull			*	0.490416374	4	1.961665497	1	126						*			None	*			
2	        -  5627134AB0	OMC COND.POL.PS15  330N  275 VAC X2 PREF: 56-TA P=4	0	Finished good	ACTIVE		130	1				Pz	Item	1	100	1	1	Date			2017/11/2 6:28		*		Operation Pull	1-CHI		*	0.66367	1	0.66367	1							*			None	*			
3	                5627134AXX	POLIES. CAP P.15  330N  275 VAC X2	0	Purchased item	ACTIVEROHS		10	1				Pz	Item	1	100	1	1	Date			2009/4/22 9:43		*		Operation Pull			*	0.619998755	1	0.619998755	1	204						*			None	*			
2	            5931336AXX	MALE FASTON PCB CONN. P5 180DEG SINGLE	0	Purchased item	ACTIVEROHS		140	1				Pz	Item	2	100	0.995	2.010050251	Date			2017/11/2 6:28		*		Operation Pull	1-CHI		*	0.13	2.010050251	0.261306533	1	30						*			None	*			
2	            5931603AXX	CONN. BOT. ENTRY 2X4 VIE	0	Purchased item	ACTIVE		150	1				Pz	Item	1	100	1	1	Date			2017/11/2 6:28		*		Operation Pull	1-CHI		*	0.82	1	0.82	1	36						*			None	*			
2	        -  98H007SD17	SEMIFIN. SMD UPC3 230VAC POWER BOARD	0	Finished good	ACTIVE		160	1				Pz	Item	1	100	1	1	Date			2017/11/3 2:20		*		Operation Pull	1-CHI		*	19.91814	1	19.91814	1										None	*			
3	                0907922SMD	SMD INDUTCTOR 100UH 1.7A 12.5X12.5X8	0	Purchased item	ACTIVEROHS		10	1				Pz	Item	1	100	0.95	1.052631579	Date			2017/11/3 1:57		*		Operation Pull	1-CHI		*	1.45	1.052631579	1.526315789	1	60						*			None	*			
3	                5125049SMD	I.C. ADJUSTABLE AND FIXED LOW-DROPOUT VOLTAGE REG. LM1117 3V3	0	Purchased item	ACTIVEROHS		20	1				Pz	Item	1	100	0.98	1.020408163	Date			2017/11/3 1:57		*		Operation Pull	1-CHI		*	1.043	1.020408163	1.064285714	1	378						*			None	*			
3	                5125104SMD	I.C. DC-DC CONVERTER 0/+70	0	Purchased item	ACTIVEROHS		30	1				Pz	Item	1	100	0.99	1.01010101	Date			2017/11/3 1:57		*		Operation Pull	1-CHI		*	0.773	1.01010101	0.780808081	1	156						*			None	*			
3	                5125124SMD	I.C. PROGRAMMABLE SHUNT REG. TL1431 S08	0	Purchased item	ACTIVEROHS		40	1				Pz	Item	1	100	0.99	1.01010101	Date			2017/11/3 1:57		*		Operation Pull	1-CHI		*	0.311659182	1.01010101	0.314807254	1	252						*			None	*			
3	                5225657SMD	AC OPTOCOUPLER VOL628A	0	Purchased item	ACTIVE		50	1				Pz	Item	2	100	1	2	Date			2017/11/3 1:57		*		Operation Pull	1-CHI		*	1.2	2	2.4	1	70						*			None	*			
3	                5326002SMD	SMD TRANS.BC807/25 PNP  SOT23	0	Purchased item	ACTIVEROHS		60	1				Pz	Item	1	100	0.995	1.005025126	Date			2017/11/3 1:57		*		Operation Pull	1-CHI		*	0.059520096	1.005025126	0.059819192	1	96						*			None	*			
3	                5326003SMD	SMD TRANSISTOR BC817/25-BCX19SOT23	0	Purchased item	ACTIVEROHS		70	1				Pz	Item	2	100	0.995	2.010050251	Date			2017/11/3 1:57		*		Operation Pull	1-CHI		*	0.056334717	2.010050251	0.113235613	1	196						*			None	*			
3	                5326021SMD	SMD TRANS.PNP 1A BCP53-16 SOT223	0	Purchased item	ACTIVEROHS		80	1				Pz	Item	1	100	0.99	1.01010101	Date			2017/11/3 1:57		*		Operation Pull	1-CHI		*	0.221187581	1.01010101	0.223421799	1	84						*			None	*			
3	                5526102SMD	SMD DIODE  BAV70 SOT23	0	Purchased item	ACTIVEROHS		90	1				Pz	Item	2	100	0.995	2.010050251	Date			2017/11/3 1:57		*		Operation Pull	1-CHI		*	0.0513	2.010050251	0.103115578	1	78						*			None	*			
3	                5526111SMD	SMD DIODE BAV99 SOT23 TAPE+REEL	0	Purchased item	ACTIVEROHS		100	1				Pz	Item	2	100	0.995	2.010050251	Date			2017/11/3 1:57		*		Operation Pull	1-CHI		*	0.044143582	2.010050251	0.088730817	1	96						*			None	*			
3	                5526114SMD	SMD SHOTTKY DIODE STPS140U	0	Purchased item	ACTIVEROHS		110	1				Pz	Item	1	100	0.995	1.005025126	Date			2017/11/3 1:57		*		Operation Pull	1-CHI		*	0.216212519	1.005025126	0.217299014	1	212						*			None	*			
3	                5526119SMD	SMD DIODE SCHOTTKY 3A 60V	0	Purchased item	ACTIVE		120	1				Pz	Item	1	100	0.97	1.030927835	Date			2017/11/3 1:57		*		Operation Pull	1-CHI		*	0.2	1.030927835	0.206185567	1	48						*			None	*			
3	                5526210SMD	SMD DIODE ZENER 6V2 350mW SOT23	0	Purchased item	ACTIVEROHS		130	1				Pz	Item	1	100	0.97	1.030927835	Date			2017/11/3 1:57		*		Operation Pull	1-CHI		*	0.0863	1.030927835	0.088969072	1	204						*			None	*			
3	                5526233SMD	"SMD ZENER 22V 0,3W SOT23"	0	Purchased item	ACTIVE		140	1				Pz	Item	1	100	0.97	1.030927835	Date			2017/11/3 1:57		*		Operation Pull	1-CHI		*	0.0566	1.030927835	0.058350515	1	168						*			None	*			
3	                5526255SMD	"SMD DIODE BRIDGE 1,5A/400V"	0	Purchased item	ACTIVEROHS		150	1				Pz	Item	1	100	0.98	1.020408163	Date			2017/11/3 1:57		*		Operation Pull	1-CHI		*	0.539891545	1.020408163	0.55090974	1	92						*			None	*			
3	                5526292SMD	ULTRAFAST RECTIFIER DIODE B3100	0	Purchased item	ACTIVE		160	1				Pz	Item	2	100	1	2	Date			2017/11/3 1:57		*		Operation Pull	1-CHI		*	0.315	2	0.63	1	156						*			None	*			
3	                5526294SMD	GENERAL RECTIFIER DIODE 1000V/1A M7	0	Purchased item	ACTIVE		170	1				Pz	Item	1	100	1	1	Date			2017/11/3 1:57		*		Operation Pull	1-CHI		*	0.06	1	0.06	1	156						*			None	*			
3	                5626826SMD	EL.CAP 47UF 50V D6.3 105  LI	0	Purchased item	ACTIVEROHS		180	1				Pz	Item	1	100	0.985	1.015228426	Date			2017/11/3 1:57		*		Operation Pull	1-CHI		*	0.25375	1.015228426	0.257614213	1	204						*			None	*			
3	                5627176SMD	SMD CER. CAP. 22UF 16V 1206 X7R	0	Purchased item	ACTIVE		190	1				Pz	Item	4	100	1	4	Date			2017/11/3 1:57		*		Operation Pull	1-CHI		*	0.88	4	3.52	1	288						*			None	*			
3	                5627205S08	SMD C.CER220p63V 0805 NP0NISN	0	Purchased item	ACTIVE		200	1				Pz	Item	1	100	0.96	1.041666667	Date			2017/11/3 1:57		*		Operation Pull	1-CHI		*	0.025	1.041666667	0.026041667	1	96						*			None	*			
3	                5627219S08	SMD.C.CER 1NF 100V 0805 X7R NISN	0	Purchased item	ACTIVE		210	1				Pz	Item	1	100	1	1	Date			2017/11/3 1:57		*		Operation Pull	1-CHI		*	0.042	1	0.042	1	96						*			None	*			
3	                5627313S06	CAP. CER. SMD 100N 50V X7R 0603	0	Purchased item	ACTIVE		220	1				Pz	Item	4	100	0.97	4.12371134	Date			2017/11/3 1:57		*		Operation Pull	1-CHI		*	0.033718412	4.12371134	0.139044996	1	96						*			None	*			
3	                5627316S08	SMD CER. CAP. 100n 50V 0805 X7R  NISN	0	Purchased item	ACTIVEROHS		230	1				Pz	Item	3	100	0.995	3.015075377	Date			2017/11/3 1:57		*		Operation Pull	1-CHI		*	0.021052742	3.015075377	0.063475603	1	96		0	45			*			None	*			
3	                5627334SMD	COND.CER.SMD 10NF 1KV+/-20  1812 X7R NISN	0	Purchased item	ACTIVEROHS		240	1				Pz	Item	1	100	0.995	1.005025126	Date			2017/11/3 1:57		*		Operation Pull	1-CHI		*	0.295953153	1.005025126	0.297440355	1	96						*			None	*			
3	                5627421SMD	SMD CER. CAP. 100PF 2KV10 1206 X7R NISN	0	Purchased item	ACTIVE		250	1				Pz	Item	1	100	1	1	Date			2017/11/3 1:57		*		Operation Pull	1-CHI		*	0.08	1	0.08	1	96						*			None	*			
3	                5627855S06	CER. CAP.  SMD 50V X7R 1NF NISN 0603	0	Purchased item	ACTIVEROHS		260	1				Pz	Item	2	100	0.995	2.010050251	Date			2017/11/3 1:57		*		Operation Pull	1-CHI		*	0.007259522	2.010050251	0.014592003	1	96						*			None	*			
3	                5627883S06	SMD CER. CAP. 50V NPO 22PF  NISN 0603	0	Purchased item	ACTIVEROHS		270	1				Pz	Item	1	100	0.99	1.01010101	Date			2017/11/3 1:57		*		Operation Pull	1-CHI		*	0.0082	1.01010101	0.008282828	1	96						*			None	*			
3	                5627916S06	CER. CAP.  SMD 0603 16V Y5V 1UF	0	Purchased item	ACTIVEROHS		280	1				Pz	Item	1	100	0.93	1.075268817	Date			2017/11/3 1:57		*		Operation Pull	1-CHI		*	0.260970588	1.075268817	0.280613536	1	216						*			None	*			
3	                5727981SMD	SMD RESIST.1/4W 5% 1R    1206	0	Purchased item	ACTIVEROHS		290	1				Pz	Item	2	100	0.98	2.040816327	Date			2017/11/3 1:57		*		Operation Pull	1-CHI		*	0.009	2.040816327	0.018367347	1	96						*			None	*			
3	                5727996SMD	SMD RESIST.1/4W 5% 0R39  1206	0	Purchased item	ACTIVEROHS		300	1				Pz	Item	2	100	0.99	2.02020202	Date			2017/11/3 1:57		*		Operation Pull	1-CHI		*	0.163235294	2.02020202	0.329768271	1	96						*			None	*			
3	                5728007SMD	SMD RESIST.1/4W 5%39R 1206	0	Purchased item	ACTIVEROHS		310	1				Pz	Item	1	100	0.995	1.005025126	Date			2017/11/3 1:57		*		Operation Pull	1-CHI		*	0.009	1.005025126	0.009045226	1	96						*			None	*			
3	                5728102SMD	SMD RESIST. 1/4W 5% 150R 1206	0	Purchased item	ACTIVE		320	1				Pz	Item	1	100	1	1	Date			2017/11/3 1:57		*		Operation Pull	1-CHI		*	0.0086	1	0.0086	1	96						*			None	*			
3	                5728104SMD	SMD RESIST.1/4W 5% 220  1206  IN NASTRO	0	Purchased item	ACTIVEROHS		330	1				Pz	Item	1	100	0.995	1.005025126	Date			2017/11/3 1:57		*		Operation Pull	1-CHI		*	0.008904	1.005025126	0.008948744	1	96						*			None	*			
3	                5728108SMD	SMD RESIST.1/4W 5% 470   1206	0	Purchased item	ACTIVEROHS		340	1				Pz	Item	1	100	0.99	1.01010101	Date			2017/11/3 1:57		*		Operation Pull	1-CHI		*	0.00895	1.01010101	0.009040404	1	96						*			None	*			
3	                5728200S06	SMD RESISTOR 1/16W 5% 1K 0603	0	Purchased item	ACTIVEROHS		350	1				Pz	Item	1	100	0.995	1.005025126	Date			2017/11/3 1:57		*		Operation Pull	1-CHI		*	0.002891827	1.005025126	0.002906359	1	96						*			None	*			
3	                5728204S06	SMD RESIST.1/16W 5% 2K2 OHM  0603	0	Purchased item	ACTIVEROHS		360	1				Pz	Item	1	100	0.995	1.005025126	Date			2017/11/3 1:57		*		Operation Pull	1-CHI		*	0.002941919	1.005025126	0.002956703	1	96						*			None	*			
3	                5728204S08	SMD RESISTOR 1/10W 5% 2K2  0805	0	Purchased item	ACTIVEROHS		370	1				Pz	Item	1	100	0.995	1.005025126	Date			2017/11/3 1:57		*		Operation Pull	1-CHI		*	0.005974	1.005025126	0.00600402	1	96						*			None	*			
3	                5728208S06	SMD RESISTOR 1/16W 5% 4K7  0603	0	Purchased item	ACTIVEROHS		380	1				Pz	Item	1	100	0.995	1.005025126	Date			2017/11/3 1:57		*		Operation Pull	1-CHI		*	0.002862762	1.005025126	0.002877148	1	96						*			None	*			
3	                5728308SMD	SMD RESIST.1/4W 5% 47K   1206	0	Purchased item	ACTIVE		390	1				Pz	Item	3	100	0.995	3.015075377	Date			2017/11/3 1:57		*		Operation Pull	1-CHI		*	0.038217391	3.015075377	0.115228315	1	96						*			None	*			
3	                5728400S06	SMD RESIST.1/16W 5% 100K   0603	0	Purchased item	ACTIVEROHS		400	1				Pz	Item	1	100	0.995	1.005025126	Date			2017/11/3 1:57		*		Operation Pull	1-CHI		*	0.002890476	1.005025126	0.002905001	1	96						*			None	*			
3	                5728401S06	SMD RESIST.1/16W 5% 120K  0603	0	Purchased item	ACTIVE		410	1				Pz	Item	1	100	0.96	1.041666667	Date			2017/11/3 1:57		*		Operation Pull	1-CHI		*	0.003	1.041666667	0.003125	1	96						*			None	*			
3	                5728404S06	SMD RESIST.1/16W 5% 220K  0603	0	Purchased item	ACTIVE		420	1				Pz	Item	1	100	0.99	1.01010101	Date			2017/11/3 1:57		*		Operation Pull	1-CHI		*	0.003	1.01010101	0.003030303	1	96						*			None	*			
3	                5728404SMD	SMD RESIST.1/4W 5% 220K  1206	0	Purchased item	ACTIVE		430	1				Pz	Item	4	100	0.96	4.166666667	Date			2017/11/3 1:57		*		Operation Pull	1-CHI		*	0.009	4.166666667	0.0375	1	96						*			None	*			
3	                5728408S06	SMD RESISTOR 1/16W 5% 470K 0603	0	Purchased item	ACTIVEROHS		440	1				Pz	Item	2	100	0.99	2.02020202	Date			2017/11/3 1:57		*		Operation Pull	1-CHI		*	0.002915033	2.02020202	0.005888955	1	96						*			None	*			
3	                5728600S08	SMD RESIST. 1/10W 1% 100 0805	0	Purchased item	ACTIVEROHS		450	1				Pz	Item	1	100	0.99	1.01010101	Date			2017/11/3 1:57		*		Operation Pull	1-CHI		*	0.00625	1.01010101	0.006313131	1	96						*			None	*			
3	                5729004S06	SMD RESIST.1/16W 1% 1K21  0603	0	Purchased item	ACTIVEROHS		460	1				Pz	Item	1	100	0.99	1.01010101	Date			2017/11/3 1:57		*		Operation Pull	1-CHI		*	0.003796774	1.01010101	0.003835125	1	96						*			None	*			
3	                5729019S06	SMD RES.1/16W 1% 2K37 0603	0	Purchased item	ACTIVE		470	1				Pz	Item	1	100	0.995	1.005025126	Date			2017/11/3 1:57		*		Operation Pull	1-CHI		*	0.0038	1.005025126	0.003819095	1	96						*			None	*			
3	                5729028S06	SMD RESIST.1/16W 1% 3K65  0603	0	Purchased item	ACTIVEROHS		480	1				Pz	Item	1	100	0.94	1.063829787	Date			2017/11/3 1:57		*		Operation Pull	1-CHI		*	0.003746341	1.063829787	0.00398547	1	96						*			None	*			
3	                5729300S06	SMD RES.1/16W 1% 10K 0603	0	Purchased item	ACTIVEROHS		490	1				Pz	Item	2	100	0.99	2.02020202	Date			2017/11/3 1:57		*		Operation Pull	1-CHI		*	0.003749381	2.02020202	0.007574506	1	96						*			None	*			
3	                5729314S06	SMD RES.1/16W 1% 20K5 0603	0	Purchased item	ACTIVEROHS		500	1				Pz	Item	1	100	0.995	1.005025126	Date			2017/11/3 1:57		*		Operation Pull	1-CHI		*	0.003744444	1.005025126	0.003763261	1	96						*			None	*			
3	                60H007A068	UPC3 POWER BOARD UNIVERSAL C.S 14917E	0	Purchased item	ACTIVE		750	1				Pz	Item	1	100	1	1	Date			2017/11/3 1:59		*		Operation Pull	1-CHI		*	5.75	1	5.75	1	30									None	*			
1	    -  98H007C016	SEMIFIN. UPC3 BASE BOARD SMALL JST_FASTON. NO_ETHERNET&5A&1EEV.	0	Finished good	ACTIVE		120	20				Pz	Item	1	100	1	1	Date			2015/7/27 0:00		*		Phantom	1-CHI		*	167.43212	1	167.43212	20	5						*			None	*			
2	            2219899AXX	"TERM. BLOCK PLUG-IN CLOSED MALE  180D 3P P=3,81 H=9.20"	0	Purchased item	ACTIVEROHS		30	1				Pz	Item	2	100	1	2	Date			2016/11/30 7:30		*		Operation Pull	1-CHI		*	0.39	2	0.78	1	48						*			None	*			
2	            2219900AXX	"MORS.SCON.PAR.LAT.M180G 4V P=3,81"	0	Purchased item	ACTIVE		40	1				Pz	Item	1	100	1	1	Date			2016/11/30 7:30		*		Operation Pull	1-CHI		*	0.52	1	0.52	1	48						*			None	*			
2	        -  5931134AB0	"CONN. JST SERIES XH P2,5 2V. 180D P=2.5"	0	Finished good	ACTIVE		50	1				Pz	Item	1	100	1	1	Date			2018/12/11 4:00		*		Operation Pull	1-CHI				1		1							*			None				
3	                5931134AXX	"CONN. JST SERIES XH P2,5 2V. 180D"	0	Purchased item	ACTIVEROHS		10	1				Pz	Item	1	100	0.998	1.002004008	Date			2018/12/10 3:49		*		Operation Pull	1-CHI		*	0.0352	1.002004008	0.035270541	1	36						*			None	*			
2	            5931138AXX	CONN. JST SERIES XH P2.5 6VIAS  180D	0	Purchased item	ACTIVE		60	1				Pz	Item	1	100	0.99	1.01010101	Date			2016/11/30 7:30		*		Operation Pull	1-CHI		*	0.168986522	1.01010101	0.170693456	1	49						*			None	*			
2	        -  5931139AB0	CONN.JST SERIE XH P2.5 3V  180G. P=2.5	0	Finished good	ACTIVE		70	1				Pz	Item	1	100	1	1	Date			2018/12/11 4:00		*		Operation Pull	1-CHI		*	0	1	0	1							*			None	*			
3	                5931139AXX	CONN.JST SERIE XH P2.5 3V  180G.	0	Purchased item	ACTIVE		10	1				Pz	Item	1	100	0.97	1.030927835	Date			2018/12/10 4:05		*		Operation Pull	1-CHI			0.148	1.030927835	0	1	36						*			None	*			
2	            5931154AXX	OMC CONN.TEL.JACK 6V 180GR.	0	Purchased item	ACTIVEROHS		80	1				Pz	Item	1	100	0.98	1.020408163	Date			2016/11/30 7:30		*		Operation Pull	1-CHI		*	1.4	1.020408163	1.428571429	1	84						*			None	*			
2	            5931336AXX	MALE FASTON PCB CONN. P5 180DEG SINGLE	0	Purchased item	ACTIVEROHS		90	1				Pz	Item	26	100	0.995	26.13065327	Date			2016/11/30 7:30		*		Operation Pull	1-CHI		*	0.13	26.13065327	3.396984925	1	30						*			None	*			
2	        -  5931458AB1	PIN STRIP AU 180G H=11.5  2X40V PREF 2x3 VIE	0	Finished good	ACTIVE		100	1				Pz	Item	1	100	1	1	Date			2017/2/6 8:33		*		Operation Pull	1-CHI		*	0.18263	1	0.18263	1										None	*			
3	                5931458AXX	PIN STRIP AU 180G H=11.5  2X40V	0	Purchased item	ACTIVE		10	1				Vie	Item	6	100	0.93	6.451612903	Date			2017/2/6 8:09		*		Operation Pull			*	0.016	6.451612903	0.103225806	1	36						*			None	*			
2	            5931674AXX	"PIN STRIP AU 180 G H=36,32  2X4P DOUBLE INS."	0	Purchased item	ACTIVE		110	1				Pz	Item	1	100	1	1	Date			2016/11/30 7:30		*		Operation Pull	1-CHI		*	1.28	1	1.28	1	36						*			None	*			
2	            5931733AXX	LITHIUM BATTERY HOLDER C.S. D.20	0	Purchased item	ACTIVE		120	1				Pz	Item	1	100	0.98	1.020408163	Date			2016/11/30 7:30		*		Operation Pull	1-CHI		*	1.52336072	1.020408163	1.554449714	1	75						*			None	*			
2	            5931850AXX	CONN. MALE 8P VERT.P2.50	0	Purchased item	ACTIVEROHS		130	1				Pz	Item	1	100	0.98	1.020408163	Date			2016/11/30 7:30		*		Operation Pull	1-CHI		*	0.48	1.020408163	0.489795918	1	25						*			None	*			
2	        -  98H007SD08	SEMIFIN. SMD UPC3 BASE BOARD SMALL WITHOUT ETHERNET	0	Finished good	ACTIVE		140	1				Pz	Item	1	100	1	1	Date			2016/11/30 7:30		*		Operation Pull	1-CHI		*	136.74959	1	136.74959	1							*			None	*			
3	                0907804SMD	VARIS 11RMS 18V 1206	0	Purchased item	ACTIVEROHS		10	1				Pz	Item	3	100	0.97	3.092783505	Date			2015/3/11 7:42		*		Operation Pull	1-CHI		*	0.377260274	3.092783505	1.166784352	1	48						*			None	*			
3	                0907805SMD	VARIS 4 RMS 8V 1206	0	Purchased item	ACTIVEROHS		20	1				Pz	Item	8	100	1	8	Date			2015/3/11 7:42		*		Operation Pull	1-CHI		*	0.35	8	2.8	1	72						*			None	*			
3	                5125018SMD	I.C. MAX 1483 -40/+85 S08 T&R	0	Purchased item	ACTIVEROHS		30	1				Pz	Item	3	100	0.99	3.03030303	Date			2015/3/11 7:42		*		Operation Pull	1-CHI		*	1.477699813	3.03030303	4.47787822	1	216						*			None	*			
3	                5125038SMD	ESD PROTECTION LOW CAP 2CH	0	Purchased item	ACTIVE		40	1				Pz	Item	1	100	1	1	Date			2015/3/11 7:42		*		Operation Pull	1-CHI		*	0.334488081	1	0.334488081	1	86						*			None	*			
3	                5125044SMD	C.I. QUAD OPERAT. AMPLIFIER LOW POWER 1MHZ	0	Purchased item	ACTIVE		50	1				Pz	Item	1	100	1	1	Date			2015/6/2 0:00		*		Operation Pull	1-CHI		*	1.55	1	1.55	1	168						*			None	*			
3	                5125045SMD	I.C. QUADRUPLE OP-AMP LM324 TSSOP	0	Purchased item	ACTIVE		60	1				Pz	Item	1	100	0.99	1.01010101	Date			2015/3/11 7:42		*		Operation Pull	1-CHI		*	0.39100598	1.01010101	0.394955536	1	74						*			None	*			
3	                5125097SMD	I.C. LM 2904 M	0	Purchased item	ACTIVEROHS		70	1				Pz	Item	1	100	1	1	Date			2015/3/11 7:42		*		Operation Pull	1-CHI		*	0.4338	1	0.4338	1	224						*			None	*			
3	                5125124SMD	I.C. PROGRAMMABLE SHUNT REG. TL1431 S08	0	Purchased item	ACTIVEROHS		80	1				Pz	Item	1	100	1	1	Date			2015/3/11 7:42		*		Operation Pull	1-CHI		*	0.311659182	1	0.311659182	1	252						*			None	*			
3	                5125169SMD	I.C.DRIVER ULN2003  TTL/CMOS COMPATIBLE INPUTS	0	Purchased item	ACTIVEROHS		90	1				Pz	Item	1	100	1	1	Date			2015/3/11 7:42		*		Operation Pull	1-CHI		*	0.58	1	0.58	1	204						*			None	*			
3	                5125468SMD	"I.C.EEPROM 24C256 SMD  S08 2.7V - 5.5V -40GR.C,..,85GR.C"	0	Purchased item	ACTIVEROHS		100	1				Pz	Item	1	100	1	1	Date			2015/3/11 7:42		*		Operation Pull	1-CHI		*	0.6882	1	0.6882	1	60						*			None	*			
3	                5125914SMD	I.C. ST MCU STM8L151/2 LQFP64	0	Purchased item	ACTIVE		110	1				Pz	Item	1	100	1	1	Date			2015/3/11 7:42		*		Operation Pull	1-CHI		*	12.6381325	1	12.6381325	1	132						*			None	*			
3	                5225524S08	SMD LED VERDE 0805 WATWECLEAR NASTR.	0	Purchased item	ACTIVEROHS		120	1				Pz	Item	2	100	0.98	2.040816327	Date			2015/3/11 7:42		*		Operation Pull	1-CHI		*	0.091	2.040816327	0.185714286	1	96						*			None	*			
3	                5326002SMD	SMD TRANS.BC807/25 PNP  SOT23	0	Purchased item	ACTIVEROHS		130	1				Pz	Item	3	100	0.995	3.015075377	Date			2015/3/11 7:42		*		Operation Pull	1-CHI		*	0.059520096	3.015075377	0.179457576	1	96						*			None	*			
3	                5326003SMD	SMD TRANSISTOR BC817/25-BCX19SOT23	0	Purchased item	ACTIVEROHS		140	1				Pz	Item	6	100	0.995	6.030150754	Date			2015/3/11 7:42		*		Operation Pull	1-CHI		*	0.056334717	6.030150754	0.339706838	1	196						*			None	*			
3	                5326011SMD	DIG.TRANS.NPN BCR112 S0T23	0	Purchased item	ACTIVEROHS		150	1				Pz	Item	4	100	0.998	4.008016032	Date			2015/3/11 7:42		*		Operation Pull	1-CHI		*	0.0588	4.008016032	0.235671343	1	204						*			None	*			
3	                5326025SMD	SMD TRANS.NPN 1A BCP56-16 SOT223	0	Purchased item	ACTIVEROHS		160	1				Pz	Item	1	100	0.99	1.01010101	Date			2015/3/11 7:42		*		Operation Pull	1-CHI		*	0.23970855	1.01010101	0.242129848	1	78						*			None	*			
3	                5326026SMD	MOSFET VDS=-20V ID=-3.7A SOT23	0	Purchased item	ACTIVEROHS		170	1				Pz	Item	4	100	0.99	4.04040404	Date			2015/3/11 7:42		*		Operation Pull	1-CHI		*	0.396111364	4.04040404	1.600449954	1	78						*			None	*			
3	                5326101SMD	MOSFET 20V 0.9A LOW-R	0	Purchased item	ACTIVEROHS		180	1				Pz	Item	18	100	0.97	18.55670103	Date			2015/3/11 7:42		*		Operation Pull	1-CHI		*	0.222727993	18.55670103	4.133096769	1	78						*			None	*			
3	                5326103SMD	"MOSFET VDS=-60V ID=-0,17A RDS=8OHM"	0	Purchased item	ACTIVEROHS		190	1				Pz	Item	6	100	0.995	6.030150754	Date			2015/3/11 7:42		*		Operation Pull	1-CHI		*	0.103115261	6.030150754	0.621800571	1	96						*			None	*			
3	                5526102SMD	SMD DIODE  BAV70 SOT23	0	Purchased item	ACTIVEROHS		200	1				Pz	Item	11	100	0.995	11.05527638	Date			2015/3/11 7:42		*		Operation Pull	1-CHI		*	0.0513	11.05527638	0.567135678	1	78						*			None	*			
3	                5526111SMD	SMD DIODE BAV99 SOT23 TAPE+REEL	0	Purchased item	ACTIVEROHS		210	1				Pz	Item	1	100	0.995	1.005025126	Date			2015/3/11 7:42		*		Operation Pull	1-CHI		*	0.044143582	1.005025126	0.044365409	1	96						*			None	*			
3	                5526115SMD	DIODE SCHOTTKY BAS70-05	0	Purchased item	ACTIVEROHS		220	1				Pz	Item	1	100	0.995	1.005025126	Date			2015/3/11 7:42		*		Operation Pull	1-CHI		*	0.1398	1.005025126	0.140502513	1	204						*			None	*			
3	                5526135SMD	SMD DIODE BAT54C SOT23	0	Purchased item	ACTIVEROHS		230	1				Pz	Item	4	100	0.99	4.04040404	Date			2015/3/11 7:42		*		Operation Pull	1-CHI		*	0.077660338	4.04040404	0.313779144	1	122						*			None	*			
3	                5526141SMD	SMD DIODE 1N4148WS SOD323	0	Purchased item	ACTIVE		240	1				Pz	Item	1	100	1	1	Date			2018/2/28 3:46		*		Operation Pull	1-CHI		*	0.055126667	1	0.055126667	1	240						*			None	*			
3	                5526202SMD	SMD DIODI ZENER3V3 350MW	0	Purchased item	ACTIVEROHS		240	1				Pz	Item	1	100	0.995	1.005025126	Date			2015/3/11 7:42		*		Operation Pull	1-CHI		*	0.0893	1.005025126	0.089748744	1	204						*			None	*			
3	                5526622SMD	SCHOTTKY SINGLE DIODE 20V 1A 400MW 1.8 X1.35 SOD323	0	Purchased item	ACTIVE		250	1				Pz	Item	1	100	1	1	Date			2015/6/2 0:00		*		Operation Pull	1-CHI		*	0.5866	1	0.5866	1	174						*			None	*			
3	                5627176S08	SMD CER. CAP. 22UF 16V 0805 X5R	0	Purchased item	ACTIVE		260	1				Pz	Item	5	100	1	5	Date			2015/6/10 9:50		*		Operation Pull	1-CHI		*	0.641344538	5	3.206722689	1	60						*			None	*			
3	                5627313S06	CAP. CER. SMD 100N 50V X7R 0603	0	Purchased item	ACTIVE		270	1				Pz	Item	48	100	0.97	49.48453608	Date			2015/3/11 7:42		*		Operation Pull	1-CHI		*	0.033718412	49.48453608	1.668539953	1	96						*			None	*			
3	                5627322S08	SMD C.CER.16VX7R0805 470NF  NISN	0	Purchased item	ACTIVEROHS		290	1				Pz	Item	3	100	0.995	3.015075377	Date			2018/2/28 3:47		*		Operation Pull	1-CHI		*	0.06721875	3.015075377	0.202669598	1	96						*			None	*			
3	                5627324S08	COND.CER.SMD 1UF 16V X7R 10% 0805	0	Purchased item	ACTIVEROHS		300	1				Pz	Item	14	100	0.998	14.02805611	Date			2015/3/11 7:42		*		Operation Pull	1-CHI		*	0.06677575	14.02805611	0.936733975	1	120						*			None	*			
3	                5627371SMD	SMD C.CER.47UF 6V3 1206 X5R	0	Purchased item	ACTIVE		310	1				Pz	Item	1	100	0.98	1.020408163	Date			2015/3/11 7:42		*		Operation Pull	1-CHI		*	0.420344828	1.020408163	0.428923293	1	72						*			None	*			
3	                5627835S06	SMD CER. CAP. 25V X7R 10NF NISN 0603	0	Purchased item	ACTIVE		320	1				Pz	Item	6	100	0.995	6.030150754	Date			2015/3/11 7:42		*		Operation Pull	1-CHI		*	0.03970531	6.030150754	0.239429003	1	96						*			None	*			
3	                5627855S06	CER. CAP.  SMD 50V X7R 1NF NISN 0603	0	Purchased item	ACTIVEROHS		330	1				Pz	Item	15	100	0.995	15.07537688	Date			2015/3/11 7:42		*		Operation Pull	1-CHI		*	0.007259522	15.07537688	0.109440023	1	96						*			None	*			
3	                5627883S06	SMD CER. CAP. 50V NPO 22PF  NISN 0603	0	Purchased item	ACTIVEROHS		340	1				Pz	Item	2	100	0.99	2.02020202	Date			2015/3/11 7:42		*		Operation Pull	1-CHI		*	0.0082	2.02020202	0.016565657	1	96						*			None	*			
3	                5718300S06	"SMD RES.1/16W 0,1% 10K 0603"	0	Purchased item	ACTIVEROHS		350	1				Pz	Item	21	100	0.995	21.10552764	Date			2015/3/11 7:42		*		Operation Pull	1-CHI		*	0.125	21.10552764	2.638190955	1	216						*			None	*			
3	                5718301S06	"SMD RES.1/16W 0,1% 1K 0603"	0	Purchased item	ACTIVEROHS		360	1				Pz	Item	1	100	0.995	1.005025126	Date			2015/3/11 7:42		*		Operation Pull	1-CHI		*	0.142	1.005025126	0.142713568	1	216						*			None	*			
3	                5726550S08	"SMD RESIST.1/10W 0,1% 100R  25PPM"	0	Purchased item	ACTIVEROHS		370	1				Pz	Item	1	100	0.95	1.052631579	Date			2015/3/11 7:42		*		Operation Pull	1-CHI		*	0.2597	1.052631579	0.273368421	1	108						*			None	*			
3	                5718545S06	SMD RES.1/16W 1% 47K5 0603	0	Purchased item	ACTIVEROHS		370	1				Pz	Item	10	100	0.995	10.05025126	Date			2015/3/11 7:42		*		Operation Pull	1-CHI		*	0.003780882	10.05025126	0.037998818	1	96						*			None	*			
3	                5727980S06	SMD RESIST.1/16W 5% 0R  0603	0	Purchased item	ACTIVEROHS		380	1				Pz	Item	2	100	0.995	2.010050251	Date			2015/3/11 7:42		*		Operation Pull	1-CHI		*	0.005040123	2.010050251	0.010130901	1	96						*			None	*			
3	                5718546S06	SMD RESISTOR 1/16W 1% 22K 0603	0	Purchased item	ACTIVEROHS		380	1				Pz	Item	2	100	0.995	2.010050251	Date			2015/3/11 7:42		*		Operation Pull	1-CHI		*	0.0038	2.010050251	0.007638191	1	96						*			None	*			
3	                5727995SMD	SMD RESIST.1/4W 5% 4R7   1206	0	Purchased item	ACTIVEROHS		390	1				Pz	Item	1	100	0.995	1.005025126	Date			2015/3/11 7:42		*		Operation Pull	1-CHI		*	0.014580952	1.005025126	0.014654223	1	96						*			None	*			
3	                5728004S06	SMD RESIST.1/16W 5% 22R OHM  0603	0	Purchased item	ACTIVEROHS		400	1				Pz	Item	2	100	0.995	2.010050251	Date			2015/3/11 7:42		*		Operation Pull	1-CHI		*	0.002841935	2.010050251	0.005712433	1	96						*			None	*			
3	                5728004SMD	SMD RESIST.1/4W 5% 22    1206	0	Purchased item	ACTIVEROHS		410	1				Pz	Item	6	100	0.995	6.030150754	Date			2015/3/11 7:42		*		Operation Pull	1-CHI		*	0.008806154	6.030150754	0.053102435	1	96						*			None	*			
3	                5728100S08	SMD RESIST.1/10W 5% 100  0805	0	Purchased item	ACTIVE		420	1				Pz	Item	1	100	0.96	1.041666667	Date			2015/3/11 7:42		*		Operation Pull	1-CHI		*	0.006	1.041666667	0.00625	1	96						*			None	*			
3	                5728101S06	SMD RESIST.1/16W 5% 120ROHM  0603	0	Purchased item	ACTIVE		430	1				Pz	Item	1	100	0.99	1.01010101	Date			2015/3/11 7:42		*		Operation Pull	1-CHI		*	0.002884615	1.01010101	0.002913753	1	96						*			None	*			
3	                5728104S08	SMD RESIST.1/10W 5% 220  0805	0	Purchased item	ACTIVEROHS		440	1				Pz	Item	1	100	0.97	1.030927835	Date			2015/6/2 0:00		*		Operation Pull	1-CHI		*	0.006	1.030927835	0.006185567	1	96						*			None	*			
3	                5728107S08	RES.SMD 0805 0.1W 5% 390R	0	Purchased item	ACTIVE		480	1				Pz	Item	1	100	1	1	Date			2015/3/11 7:42		*		Operation Pull	1-CHI		*	0.006	1	0.006	1	96						*			None	*			
3	                5728109S08	SMD RESIST.1/10W 5% 560  0805	0	Purchased item	ACTIVEROHS		510	1				Pz	Item	3	100	1	3	Date			2015/3/11 7:42		*		Operation Pull	1-CHI		*	0.00574	3	0.01722	1	96						*			None	*			
3	                5728110S06	SMD RESIST.1/16W 5% 680ROHM  0603	0	Purchased item	ACTIVEROHS		520	1				Pz	Item	4	100	1	4	Date			2015/3/11 7:42		*		Operation Pull	1-CHI		*	0.002890805	4	0.011563218	1	96						*			None	*			
3	                5728200S06	SMD RESISTOR 1/16W 5% 1K 0603	0	Purchased item	ACTIVEROHS		530	1				Pz	Item	11	100	0.995	11.05527638	Date			2015/3/11 7:42		*		Operation Pull	1-CHI		*	0.002891827	11.05527638	0.031969946	1	96						*			None	*			
3	                5728202S06	SMD RESIST.1/16W 5% 1K5 OHM  0603	0	Purchased item	ACTIVEROHS		540	1				Pz	Item	1	100	1	1	Date			2015/3/11 7:42		*		Operation Pull	1-CHI		*	0.002839506	1	0.002839506	1	96						*			None	*			
3	                5728204S06	SMD RESIST.1/16W 5% 2K2 OHM  0603	0	Purchased item	ACTIVEROHS		550	1				Pz	Item	11	100	1	11	Date			2015/3/11 7:42		*		Operation Pull	1-CHI		*	0.002941919	11	0.032361111	1	96						*			None	*			
3	                5728205S08	SMD RESIST.1/10W 5% 2K7  0805	0	Purchased item	ACTIVEROHS		560	1				Pz	Item	7	100	1	7	Date			2015/3/11 7:42		*		Operation Pull	1-CHI		*	0.006	7	0.042	1	96						*			None	*			
3	                5728208S06	SMD RESISTOR 1/16W 5% 4K7  0603	0	Purchased item	ACTIVEROHS		570	1				Pz	Item	1	100	0.995	1.005025126	Date			2015/3/11 7:42		*		Operation Pull	1-CHI		*	0.002862762	1.005025126	0.002877148	1	96						*			None	*			
3	                5728300S06	SMD RESISTOR 1/16W 5% 10K  0603	0	Purchased item	ACTIVEROHS		580	1				Pz	Item	38	100	0.998	38.0761523	Date			2015/3/11 7:42		*		Operation Pull	1-CHI		*	0.002907927	38.0761523	0.110722665	1	96						*			None	*			
3	                5728305S06	SMD RESIST.1/16W 5% 27K  0603	0	Purchased item	ACTIVEROHS		580	1				Pz	Item	7	100	0.995	7.035175879	Date			2015/3/11 7:42		*		Operation Pull	1-CHI		*	0.003	7.035175879	0.021105528	1	96						*			None	*			
3	                5728400S06	SMD RESIST.1/16W 5% 100K   0603	0	Purchased item	ACTIVEROHS		590	1				Pz	Item	11	100	0.995	11.05527638	Date			2015/3/11 7:42		*		Operation Pull	1-CHI		*	0.002890476	11.05527638	0.031955013	1	96						*			None	*			
3	                5728409S06	SMD RESIST.1/16W 5% 560KOHM  0603	0	Purchased item	ACTIVE		590	1				Pz	Item	3	100	0.96	3.125	Date			2018/2/28 3:48		*		Operation Pull			*	0.003	3.125	0.009375	1	96						*			None	*			
3	                5728598SMD	"RES. SMD 1206 1/8W 1%, 46.4 OHM"	0	Purchased item	ACTIVE		600	1				Pz	Item	1	100	1	1	Date			2015/3/11 7:42		*		Operation Pull	1-CHI		*	0.01	1	0.01	1	96						*			None	*			
3	                5728622S06	SMD RES.1/16W 1% 3K09 0603	0	Purchased item	ACTIVE		610	1				Pz	Item	1	100	0.97	1.030927835	Date			2015/3/11 7:42		*		Operation Pull	1-CHI		*	0.00376	1.030927835	0.003876289	1	96						*			None	*			
3	                5729050S06	SMD RESIST.1/16W 0.1% 2K74 0603	0	Purchased item	ACTIVEROHS		620	1				Pz	Item	3	100	0.98	3.06122449	Date			2015/3/11 7:42		*		Operation Pull	1-CHI		*	0.14	3.06122449	0.428571429	1	216						*			None	*			
3	                5729300S06	SMD RES.1/16W 1% 10K 0603	0	Purchased item	ACTIVEROHS		630	1				Pz	Item	9	100	0.99	9.090909091	Date			2015/3/11 7:42		*		Operation Pull	1-CHI		*	0.003749381	9.090909091	0.034085278	1	96						*			None	*			
3	                5729314S06	SMD RES.1/16W 1% 20K5 0603	0	Purchased item	ACTIVEROHS		640	1				Pz	Item	3	100	0.995	3.015075377	Date			2015/6/2 0:00		*		Operation Pull	1-CHI		*	0.003744444	3.015075377	0.011289782	1	96						*			None	*			
3	                5729661SMD	SMD RES.1/4W 5% 2K2 1206 SURGE CHIP RES	0	Purchased item	ACTIVEROHS		650	1				Pz	Item	2	100	0.995	2.010050251	Date			2015/3/11 7:42		*		Operation Pull	1-CHI		*	0.097644068	2.010050251	0.196269483	1	96						*			None	*			
3	                5729701SMD	SMD ARRAY RES 33R 63MW 5% 4R CON 8PIN	0	Purchased item	ACTIVEROHS		660	1				Pz	Item	2	100	0.985	2.030456853	Date			2015/3/11 7:42		*		Operation Pull	1-CHI		*	0.039232	2.030456853	0.079658883	1	175						*			None	*			
3	                5729712SMD	SMD ARRAY RES 2K2 63MW 5% 4R CON 8PIN	0	Purchased item	ACTIVEROHS		670	1				Pz	Item	2	100	0.995	2.010050251	Date			2015/3/11 7:42		*		Operation Pull	1-CHI		*	0.015084337	2.010050251	0.030320276	1	96						*			None	*			
3	                5931890SMD	MICRO USB CONNECTOR B TYPE 5 PIN 180GR	0	Purchased item	ACTIVE		680	1				Pz	Item	1	100	1	1	Date			2018/2/28 3:50		*		Operation Pull	1-CHI		*	2.55	1	2.55	1	48						*			None	*			
3	                5729721SMD	SMD RESISTOR ARRAY 10K 63MW 5%  4R/8PIN	0	Purchased item	ACTIVEROHS		680	1				Pz	Item	4	100	0.995	4.020100503	Date			2015/3/11 7:42		*		Operation Pull	1-CHI		*	0.015242612	4.020100503	0.061276831	1	96		0	40			*			None	*			
3	                60H007A036	UPC3 SMALL BASE C.S.14918F	0	Purchased item	ACTIVE		690	1				Pz	Item	1	100	1	1	Date			2019/2/1 4:52		*		Operation Pull	1-CHI		*	19.83	1	19.83	1	30						*			None	*			
3	                60H007A032	UPC3 SMALL BASE C.S.14918E	0	Purchased item	PHASE-OUT		690	1				Pz	Item	1	100	1	1	Date			2018/2/5 6:46	2019/2/1 4:52	*		Operation Pull	1-CHI		*	19.45	1	19.45	1	30						*			None	*			
3	            -  98C708SD01	SUBASSEMBLY USOM BOARD	0	Finished good	ACTIVE		700	1				Pz	Item	1	100	1	1	Date			2015/3/11 7:42		*		Operation Pull	1-CHI		*	68.49789	1	68.49789	1							*			None	*			
4	                    0907860S08	SMD EMI FILTER 0805 120R/100MHZ	0	Purchased item	ACTIVEROHS		10	1				Pz	Item	1	100	0.97	1.030927835	Date			2014/7/17 3:17		*		Operation Pull	1-CHI		*	0.072564103	1.030927835	0.074808353	1	156						*			None	*			
4	                    5124715SMD	C.I.SINGLE SCHMITT-TRIGGER INVERTER 74LVC1G14 SOT323-5L P.0.95	0	Purchased item	ACTIVE		20	1				Pz	Item	1	100	0.97	1.030927835	Date			2014/7/17 3:17		*		Operation Pull	1-CHI		*	0.163042903	1.030927835	0.168085467	1	68						*			None	*			
4	                    5125119SMD	I.C.UP RESET SOT23 2.63V -809	0	Purchased item	ACTIVEROHS		30	1				Pz	Item	1	100	0.97	1.030927835	Date			2014/7/17 3:17		*		Operation Pull	1-CHI		*	0.390589744	1.030927835	0.402669839	1	217						*			None	*			
4	                    5125542SMD	C.I. MICROPR. RX63N 2MB-FLASH 128KB-RAM 100MHZ TFLGA145 9X9	0	Purchased item	ACTIVE		40	1				Pz	Item	1	100	1	1	Date			2014/7/17 3:17		*		Operation Pull	1-CHI		*	23.04949	1	23.04949	1	170						*			None	*			
4	                    5125931SMD	QUAD 2-INPUT OR GATE  LVC FAMILY  DQFN	0	Purchased item	ACTIVE		50	1				Pz	Item	1	100	0.97	1.030927835	Date			2014/7/17 3:17		*		Operation Pull	1-CHI		*	0.430318095	1.030927835	0.443626902	1	92						*			None	*			
4	                    5125933SMD	QUAD 2-INPUT NAND SCHMITT TRIGGER LVC FAMILY  DQFN	0	Purchased item	ACTIVE		60	1				Pz	Item	1	100	0.97	1.030927835	Date			2014/7/17 3:17		*		Operation Pull	1-CHI		*	0.862388772	1.030927835	0.88906059	1	92						*			None	*			
4	                    5125948SMD	C.I.NAND FLASH MEMORY 128MBYTE=128MX8BIT  63VFBGA   11X9	0	Purchased item	ACTIVE		70	1				Pz	Item	1	100	0.99	1.01010101	Date			2014/7/17 3:17		*		Operation Pull	1-CHI		*	20.84050366	1.01010101	21.0510138	1	140						*			None	*			
4	                    5125974SMD	C.I. SDRAM MEMORY 16MBYTE=2MX16BITX4BANKS 128MBIT 54TFBGA	0	Purchased item	ACTIVE		80	1				Pz	Item	1	100	0.97	1.030927835	Date			2014/7/17 3:17		*		Operation Pull	1-CHI		*	12.59	1.030927835	12.97938144	1	86						*			None	*			
4	                    5225661S06	SMD LED GREEN 0603 TAPE&REEL	0	Purchased item	ACTIVE		90	1				Pz	Item	1	100	0.97	1.030927835	Date			2014/7/17 3:17		*		Operation Pull	1-CHI		*	0.12	1.030927835	0.12371134	1	96						*			None	*			
4	                    5225662S06	SMD LED RED 0603 TAPE&REEL	0	Purchased item	ACTIVE		100	1				Pz	Item	1	100	0.97	1.030927835	Date			2014/7/17 3:17		*		Operation Pull	1-CHI		*	0.12	1.030927835	0.12371134	1	96						*			None	*			
4	                    5627832S04	CAPACITOR CERAMIC SMD 16V X7R 100NF NISN 0402	0	Purchased item	ACTIVE		110	1				Pz	Item	36	100	0.97	37.11340206	Date			2014/7/17 3:17		*		Operation Pull	1-CHI		*	0.0061	37.11340206	0.226391753	1	96						*			None	*			
4	                    5627843S04	COND.CER.SMD 16V X7R 100PF  NISN 0402	0	Purchased item	ACTIVE		120	1				Pz	Item	5	100	0.9	5.555555556	Date			2014/7/17 3:17		*		Operation Pull	1-CHI		*	0.026714286	5.555555556	0.148412698	1	96						*			None	*			
4	                    5627855S06	CER. CAP.  SMD 50V X7R 1NF NISN 0603	0	Purchased item	ACTIVEROHS		130	1				Pz	Item	1	100	0.97	1.030927835	Date			2014/7/17 3:17		*		Operation Pull	1-CHI		*	0.007259522	1.030927835	0.007484043	1	96						*			None	*			
4	                    5627881S04	COND.CER.SMD 50V NPO 15PF NISN 0402	0	Purchased item	ACTIVE		140	1				Pz	Item	4	100	0.9	4.444444444	Date			2014/7/17 3:17		*		Operation Pull	1-CHI		*	0.0054	4.444444444	0.024	1	96						*			None	*			
4	                    5627918S04	COND.CER.SMD 6V3 X5R 1UF 0402	0	Purchased item	ACTIVE		150	1				Pz	Item	3	100	0.97	3.092783505	Date			2014/7/17 3:17		*		Operation Pull	1-CHI		*	0.032369231	3.092783505	0.100111023	1	120						*			None	*			
4	                    5627974S04	COND. CER. SMD. 50V X7R 5N6 0402	0	Purchased item	ACTIVE		160	1				Pz	Item	1	100	0.97	1.030927835	Date			2014/7/17 3:17		*		Operation Pull	1-CHI		*	0.008	1.030927835	0.008247423	1	96						*			None	*			
4	                    5718543S04	RES. SMD 0402 1/16W 49R9 1%	0	Purchased item	ACTIVE		170	1				Pz	Item	1	100	0.97	1.030927835	Date			2014/7/17 3:17		*		Operation Pull	1-CHI		*	0.0035	1.030927835	0.003608247	1	96						*			None	*			
4	                    5727980S04	CHIP RESISTOR  1/16W 5%  0R  0402	0	Purchased item	ACTIVE		180	1				Pz	Item	8	100	0.97	8.24742268	Date			2014/7/17 3:17		*		Operation Pull	1-CHI		*	0.002514286	8.24742268	0.020736377	1	96						*			None	*			
4	                    5728006S04	SMD RESIST.1/16W 5% 33R OHM 0402	0	Purchased item	ACTIVE		190	1				Pz	Item	8	100	0.97	8.24742268	Date			2014/7/17 3:17		*		Operation Pull	1-CHI		*	0.0026	8.24742268	0.021443299	1	96						*			None	*			
4	                    5728100S04	SMD RESIST.1/16W 5% 100R 0402	0	Purchased item	ACTIVE		200	1				Pz	Item	4	100	0.9	4.444444444	Date			2014/7/17 3:17		*		Operation Pull	1-CHI		*	0.0026	4.444444444	0.011555556	1	96						*			None	*			
4	                    5728103S04	SMD RESIST.1/16W 5% 180ROHM  0402	0	Purchased item	ACTIVE		210	1				Pz	Item	2	100	0.97	2.06185567	Date			2014/7/17 3:17		*		Operation Pull	1-CHI		*	0.0026	2.06185567	0.005360825	1	96						*			None	*			
4	                    5728208S04	SMD RESIST.1/16W 5% 4K7 OHM 0402	0	Purchased item	ACTIVE		220	1				Pz	Item	10	100	0.97	10.30927835	Date			2014/7/17 3:17		*		Operation Pull	1-CHI		*	0.0026	10.30927835	0.026804124	1	96						*			None	*			
4	                    5728300S04	RES.SMD 0402 1/16W  10K 5%	0	Purchased item	ACTIVE		230	1				Pz	Item	6	100	0.97	6.18556701	Date			2014/7/17 3:17		*		Operation Pull	1-CHI		*	0.0026	6.18556701	0.016082474	1	96						*			None	*			
4	                    5728400S04	CHIP RESISTOR  1/16W 5% 100K   0402	0	Purchased item	ACTIVE		240	1				Pz	Item	1	100	0.97	1.030927835	Date			2014/7/17 3:17		*		Operation Pull	1-CHI		*	0.0026	1.030927835	0.002680412	1	96						*			None	*			
4	                    5728999S04	RES. SMD 0402 1/16W  1K 1%	0	Purchased item	ACTIVE		250	1				Pz	Item	2	100	0.97	2.06185567	Date			2014/7/17 3:17		*		Operation Pull	1-CHI		*	0.0035	2.06185567	0.007216495	1	96						*			None	*			
4	                    5729701SMD	SMD ARRAY RES 33R 63MW 5% 4R CON 8PIN	0	Purchased item	ACTIVEROHS		260	1				Pz	Item	10	100	0.97	10.30927835	Date			2014/7/17 3:17		*		Operation Pull	1-CHI		*	0.039232	10.30927835	0.404453608	1	175						*			None	*			
4	                    5729714SMD	SMD ARRAY RES 4K7 63MW 5%  4R CON 8PIN	0	Purchased item	ACTIVEROHS		270	1				Pz	Item	1	100	0.97	1.030927835	Date			2014/7/17 3:17		*		Operation Pull	1-CHI		*	0.04245493	1.030927835	0.04376797	1	154						*			None	*			
4	                    60C708A001	PCB USOM 13886A	0	Purchased item	ACTIVE		280	1				Pz	Item	1	100	1	1	Date			2014/7/17 3:17		*		Operation Pull	1-CHI		*	4.0615625	1	4.0615625	1	90						*			None	*			
4	                    6336047SMD	CRYSTAL CLOCK OSCILLATORS SMD 12.0 MHZ   5X3.2 MM -40+85GR.C	0	Purchased item	ACTIVE		290	1				Pz	Item	1	100	0.95	1.052631579	Date			2014/7/17 3:17		*		Operation Pull	1-CHI		*	1.6	1.052631579	1.684210526	1	45						*			None	*			
4	                    6336051SMD	"CRYSTAL UNIT  SMD  32KHZ  4X1,5MM"	0	Purchased item	ACTIVE		300	1				Pz	Item	1	100	1	1	Date			2014/7/17 3:17		*		Operation Pull	1-CHI		*	2.3516626	1	2.3516626	1	72						*			None	*			
2	        -  0100272ABB	RELE'SPDT 5A 250V-12VDC + BURN-IN	0	Finished good	ACTIVE		150	1				Pz	Item	2	100	1	2	Date			2017/5/27 2:59		*		Operation Pull	1-CHI		*	2.099	2	4.198	1							*			None	*			
3	                0100272AXX	RELAY SPDT 5A 250V-12VDC	0	Purchased item	ACTIVEROHS		10	1				Pz	Item	1	100	1	2	Date			2016/6/27 12:10		*		Operation Pull	1-CHI		*	2.098997674	2	4.197995349	1	96						*			None	*			
2	        -  0100095ABB	RELAY SPST-NO SLIM 12V 250VAC 5A+BURN-IN	0	Finished good	ACTIVE		160	1				Pz	Item	7	100	1	7	Date			2017/5/31 7:15		*		Operation Pull	1-CHI		*	1.738	7	12.166	1							*			None	*			
3	                0100095AXX	RELAY SPST-NO SLIM 12V 250VAC 5A	0	Purchased item	NOT4NEWD		10	1				Pz	Item	1	100	1	7	Date			2017/5/27 5:19		*		Operation Pull	1-CHI		*	1.737999858	7	12.16599901	1	48						*			None	*			
